{
  "0": {
    "n_images": 5923,
    "mean": 0.18923011987168664,
    "std": 0.0731333517813043,
    "min": 0.0,
    "max": 0.41000000000000003,
    "median": 0.21
  },
  "1": {
    "n_images": 6742,
    "mean": 0.18126075348561257,
    "std": 0.07797504297219855,
    "min": 0.0,
    "max": 0.62,
    "median": 0.21
  },
  "2": {
    "n_images": 5958,
    "mean": 0.18703088284659283,
    "std": 0.07203251699143627,
    "min": 0.0,
    "max": 0.39,
    "median": 0.21
  },
  "3": {
    "n_images": 6131,
    "mean": 0.18641330941118905,
    "std": 0.07703529226342037,
    "min": 0.0,
    "max": 0.39,
    "median": 0.21
  },
  "4": {
    "n_images": 5842,
    "mean": 0.1651728859979459,
    "std": 0.09015266767773163,
    "min": 0.0,
    "max": 0.4,
    "median": 0.2
  },
  "5": {
    "n_images": 5421,
    "mean": 0.17247002398081535,
    "std": 0.0860168475311386,
    "min": 0.0,
    "max": 0.4,
    "median": 0.2
  },
  "6": {
    "n_images": 5918,
    "mean": 0.17307874281851976,
    "std": 0.07524669948474043,
    "min": 0.0,
    "max": 0.41000000000000003,
    "median": 0.19
  },
  "7": {
    "n_images": 6265,
    "mean": 0.14403830806065443,
    "std": 0.09155727369516249,
    "min": 0.0,
    "max": 0.39,
    "median": 0.17
  },
  "8": {
    "n_images": 5851,
    "mean": 0.19883951461288665,
    "std": 0.06801432020716253,
    "min": 0.0,
    "max": 0.45,
    "median": 0.22
  },
  "9": {
    "n_images": 5949,
    "mean": 0.17229618423264415,
    "std": 0.08082636958985699,
    "min": 0.0,
    "max": 0.4,
    "median": 0.19
  }
}