{
  "0": {
    "n_images": 5923,
    "mean": 0.2154592719471839,
    "std": 0.04129785294102546,
    "min": 0.09070049226284027,
    "max": 0.43725791573524475,
    "median": 0.21423369646072388
  },
  "1": {
    "n_images": 6742,
    "mean": 0.09699482689781523,
    "std": 0.02253698588914382,
    "min": 0.04631467163562775,
    "max": 0.23985610902309418,
    "median": 0.09370170533657074
  },
  "2": {
    "n_images": 5958,
    "mean": 0.18729838750913824,
    "std": 0.03958543761062432,
    "min": 0.06598661839962006,
    "max": 0.3679504096508026,
    "median": 0.18601758778095245
  },
  "3": {
    "n_images": 6131,
    "mean": 0.1819340735224269,
    "std": 0.0401671567876501,
    "min": 0.06649302691221237,
    "max": 0.34487664699554443,
    "median": 0.18031495809555054
  },
  "4": {
    "n_images": 5842,
    "mean": 0.15706659293325745,
    "std": 0.032699068113832754,
    "min": 0.06999089568853378,
    "max": 0.3060302734375,
    "median": 0.15446709841489792
  },
  "5": {
    "n_images": 5421,
    "mean": 0.16695409234880498,
    "std": 0.040973274277904835,
    "min": 0.06437627226114273,
    "max": 0.34996429085731506,
    "median": 0.16394288837909698
  },
  "6": {
    "n_images": 5918,
    "mean": 0.17315938590134106,
    "std": 0.038089684384167356,
    "min": 0.07806956768035889,
    "max": 0.3509407341480255,
    "median": 0.1704988181591034
  },
  "7": {
    "n_images": 6265,
    "mean": 0.14377263655970787,
    "std": 0.031416193013468055,
    "min": 0.06962300091981888,
    "max": 0.2964022159576416,
    "median": 0.14080139994621277
  },
  "8": {
    "n_images": 5851,
    "mean": 0.19250064237268333,
    "std": 0.03970070947952519,
    "min": 0.08409790694713593,
    "max": 0.39447325468063354,
    "median": 0.18883056938648224
  },
  "9": {
    "n_images": 5949,
    "mean": 0.158108748245097,
    "std": 0.03380146971239202,
    "min": 0.0736292228102684,
    "max": 0.31081822514533997,
    "median": 0.15478120744228363
  }
}